<?xml version="1.0" encoding="UTF-8" ?>
<!DOCTYPE mapper
        PUBLIC "-//mybatis.org//DTD Mapper 3.0//EN"
        "http://mybatis.org/dtd/mybatis-3-mapper.dtd">

<!--一般从mybatis-config中拷贝过来修改一下-->

<!--注意一个mapper对应一个接口-->
<!--<mapper namespace="com.xsc.dao.BookMapper">-->

    <!--<insert id="addBook" parameterType="Books">-->
        <!--&#45;&#45; 注意主键会自增可以不用自己写-->
        <!--insert into ssmbuild.books(bookName,bookCounts,detail)-->
        <!--&#45;&#45; 注意这里面写的要和接口的值对应起来-->
        <!--values(#{bookName},#{bookCounts},#{detail})-->
    <!--</insert>-->

    <!--<delete id="deleteBookById" parameterType="int">-->
        <!--&#45;&#45; 一定要记住where或者()里面给的条件是数据库里的参数-->
        <!--&#45;&#45; 而后面value #{}里面给的值是你接口里给的形参,注意@P-->
        <!--delete from ssmbuild.books where bookID = #{bookID}-->
    <!--</delete>-->

    <!--<update id="updateBook" parameterType="Books">-->
        <!--update ssmbuild.books-->
        <!--set bookName = #{bookName},bookCounts = #{bookCounts},detail = #{detail}-->
        <!--where bookID = #{bookID}-->
    <!--</update>-->

    <!--<select id="queryBook"  resultType="Books">-->
        <!--select * from ssmbuild.books where bookID = #{bookID}-->
    <!--</select>-->

    <!--<select id="queryAllBook" resultType="Books"> &#45;&#45; 注意返回值还是写List里面的东西-->
        <!--select * from ssmbuild.books-->
    <!--</select>-->

    <!--&lt;!&ndash;写完SQL语句赶紧把mapper.xml文件绑定到myBatis的配置文件中&ndash;&gt;-->

<!--</mapper>-->

<mapper namespace="com.xsc.dao.BookMapper">

<!--增加一个Book-->
<insert id="addBook" parameterType="Books">
      insert into ssmbuild.books(bookName,bookCounts,detail)
      values (#{bookName}, #{bookCounts}, #{detail})
   </insert>

<!--根据id删除一个Book-->
<delete id="deleteBookById" parameterType="int">
      delete from ssmbuild.books where bookID=#{bookID}
   </delete>

<!--更新Book-->
<update id="updateBook" parameterType="Books">
      update ssmbuild.books
      set bookName = #{bookName},bookCounts = #{bookCounts},detail = #{detail}
      where bookID = #{bookID}
   </update>

<!--根据id查询,返回一个Book-->
<select id="queryBook" resultType="Books">
      select * from ssmbuild.books
      where bookID = #{bookID}
   </select>

<!--查询全部Book-->
<select id="queryAllBook" resultType="Books">
      SELECT * from ssmbuild.books
   </select>

</mapper>