<?xml version="1.0" encoding="UTF-8" ?>
<!DOCTYPE configuration
        PUBLIC "-//mybatis.org//DTD Config 3.0//EN"
        "http://mybatis.org/dtd/mybatis-3-config.dtd">

<!--myBatis的核心配置文件-->
<configuration>

    <!--配置数据源 但是与spring整合之后这件事交给spring来做-->

    <typeAliases>
        <!--这个包下的所有类让它自己取别名，默认类首字母小写-->
        <package name="com.xsc.pojo"></package>
    </typeAliases>

    <mappers>
        <mapper class="com.xsc.dao.BookMapper"></mapper>
    </mappers>



</configuration>