<?xml version="1.0" encoding="UTF-8"?>
<beans xmlns="http://www.springframework.org/schema/beans"
       xmlns:xsi="http://www.w3.org/2001/XMLSchema-instance"
       xmlns:context="http://www.springframework.org/schema/context"
       xsi:schemaLocation="http://www.springframework.org/schema/beans
       http://www.springframework.org/schema/beans/spring-beans.xsd http://www.springframework.org/schema/context https://www.springframework.org/schema/context/spring-context.xsd">

    <!--扫描service下的包 只要service下面的类上有注解就会自动扫描过来-->
    <context:component-scan base-package="com.xsc.service"></context:component-scan>

    <!--将我们的所有业务类注入到Spring,可以通过配置或者注解实现
    注解的方式：在类上加Service，然后下面方法上面加上Autowired和Qualified("实现类")
    -->
    <bean id="BookServiceImpl" class="com.xsc.service.BookServiceImpl">
        <property name="bookMapper" ref="bookMapper"></property>
    </bean>

    <!--声明式事务配置-->
    <bean id="transactionManager" class="org.springframework.jdbc.datasource.DataSourceTransactionManager">
        <property name="dataSource" ref="dataSource"></property>
    </bean>

    <!--AOP横切事务支持-->

</beans>