<?xml version="1.0" encoding="UTF-8" ?>
<!DOCTYPE mapper PUBLIC "-//mybatis.org//DTD Mapper 3.0//EN"
        "http://mybatis.org/dtd/mybatis-3-mapper.dtd">
<mapper namespace="com.xsc.repository.StudentRepository">

    <select id="findAll" resultType="Student">
        select * from stu
    </select>

    <select id="findById" resultType="Student" parameterType="java.lang.Long">
        select * from stu where id = #{id}
    </select>

    <insert id="save" parameterType="Student">
        insert into stu (name,score,birthday)
        values (#{name},#{score},#{birthday})
    </insert>

    <update id="update" parameterType="Student">
        update stu set name = #{name},score=#{score},birthday=#{birthday}
        where id = #{id}
    </update>

    <delete id="deleteById" parameterType="java.lang.Long">
        delete from stu where id = #{id}
    </delete>

</mapper>