<?xml version="1.0" encoding="UTF-8" ?>
<!DOCTYPE mapper PUBLIC "-//mybatis.org//DTD Mapper 3.0//EN" "http://mybatis.org/dtd/mybatis-3-mapper.dtd" >


<!--这里必须要写mapper的全路径，选中右击mapper reference即可-->
<mapper namespace="com.xsc.nanjing.Mapper.CourseOrderMapper" >

    <select id="findCountByMap" parameterType="map" resultType="int">
        -- 我们的表就是t_course_order
        SELECT COUNT(*) FROM t_course_order
    </select>

    <select id="findListByMap" parameterType="map" resultType="courseOrder">
        SELECT * FROM t_course_order order by order_date desc limit #{start},#{pageSize};
    </select>

    <insert id="insert" parameterType="courseOrder">
        INSERT INTO t_course_order
        (uuid,order_id,`name`,wechat_no,wechat_mark, qq_no,tel,course_name,course_price,order_date,update_datetime,remark)
        VALUES (UUID(), UUID(), #{name}, #{wechat_no},#{wechat_mark}, #{qq_no}, #{tel}, #{course_name}, #{course_price},#{order_date},
        CURRENT_TIMESTAMP(),#{remark});
    </insert>

    <select id="findByOrder" parameterType="String" resultType="courseOrder">
        select * from t_course_order where order_id = #{order_id};
    </select>

    <delete id="deleteById" parameterType="String">
        delete from t_course_order where order_id = #{order_id};
    </delete>

    <update id="updateById" parameterType="courseOrder">
        UPDATE t_course_order
        SET name = #{name},
        wechat_no = #{wechat_no},
        wechat_mark = #{wechat_mark},
        qq_no = #{qq_no},
        tel = #{tel},
        course_name = #{course_name},
        course_price = #{course_price},
        order_date = #{order_date},
        remark = #{remark}
        WHERE order_id = #{order_id}
    </update>

</mapper>