<?xml version="1.0" encoding="UTF-8" ?>
<!DOCTYPE mapper PUBLIC "-//mybatis.org//DTD Mapper 3.0//EN" "http://mybatis.org/dtd/mybatis-3-mapper.dtd" >
<mapper namespace="com.xsc.nanjing.Mapper.CourseOrderMapper">

    <!-- 公共的SQL片断-->
    <sql id="search_where">
        <where>
            <if test="condition.wechat_no != null and condition.wechat_no !=''">
                wechat_no like '%${condition.wechat_no}%'
            </if>
            <if test="condition.wechat_mark != null and condition.wechat_mark !=''">
                and wechat_mark like '%${condition.wechat_mark}%'
            </if>
            <if test="condition.qq_no != null and condition.qq_no !=''">
                and qq_no like '%${condition.qq_no}%'
            </if>
        </where>
    </sql>

    <!--这里下面的两个方法合起来是为分页查询服务-->
    <select id="findCountByMap" parameterType="map" resultType="int">
        -- 实际上我认为这个函数根本不需要map的形式参数，都没用到
        select count(*) from t_course_order
        <include refid="search_where"></include>
    </select>
    <select id="findOrderByMap" parameterType="map" resultType="courseOrder">
        -- 这里的start和pageSize就是params的参数
        select * from t_course_order
        <include refid="search_where"></include>
        order by order_date desc limit #{start},#{pageSize}
    </select>

    <insert id="insert" parameterType="courseOrder">
        INSERT INTO t_course_order
        (uuid,order_id,name,wechat_no,wechat_mark,
        qq_no,tel,course_name,course_price,order_date,
        update_datetime,remark)
        VALUES
        (UUID(), UUID(), #{name}, #{wechat_no},#{wechat_mark},
        #{qq_no}, #{tel}, #{course_name},
        #{course_price},#{order_date},
        CURRENT_TIMESTAMP(),#{remark});
    </insert>

    <select id="findOrderById" parameterType="String" resultType="courseOrder">
        select * from t_course_order where order_id = #{order_id}
    </select>

    <update id="updateOrderById" parameterType="courseOrder">
        UPDATE t_course_order
        SET name = #{name},wechat_no = #{wechat_no},
        wechat_mark = #{wechat_mark},qq_no = #{qq_no},
        tel = #{tel},course_name = #{course_name},
        course_price = #{course_price},order_date = #{order_date},
        remark = #{remark}
        WHERE
        order_id = #{order_id}
    </update>

    <delete id="deleteById" parameterType="String">
        delete from t_course_order where order_id = #{order_id}
    </delete>
</mapper>